<?xml version="1.0" encoding="UTF-8"?>
<root>
  <item name="androidx.camera.camera2.internal.compat.CameraAccessExceptionCompat CameraAccessExceptionCompat(int) 0">
    <annotation name="androidx.annotation.IntDef">
      <val name="value" val="{androidx.camera.camera2.internal.compat.CameraAccessExceptionCompat.CAMERA_IN_USE, androidx.camera.camera2.internal.compat.CameraAccessExceptionCompat.MAX_CAMERAS_IN_USE, androidx.camera.camera2.internal.compat.CameraAccessExceptionCompat.CAMERA_DISABLED, androidx.camera.camera2.internal.compat.CameraAccessExceptionCompat.CAMERA_DISCONNECTED, androidx.camera.camera2.internal.compat.CameraAccessExceptionCompat.CAMERA_ERROR, androidx.camera.camera2.internal.compat.CameraAccessExceptionCompat.CAMERA_UNAVAILABLE_DO_NOT_DISTURB}" />
    </annotation>
  </item>
  <item name="androidx.camera.camera2.internal.compat.CameraAccessExceptionCompat CameraAccessExceptionCompat(int, java.lang.String) 0">
    <annotation name="androidx.annotation.IntDef">
      <val name="value" val="{androidx.camera.camera2.internal.compat.CameraAccessExceptionCompat.CAMERA_IN_USE, androidx.camera.camera2.internal.compat.CameraAccessExceptionCompat.MAX_CAMERAS_IN_USE, androidx.camera.camera2.internal.compat.CameraAccessExceptionCompat.CAMERA_DISABLED, androidx.camera.camera2.internal.compat.CameraAccessExceptionCompat.CAMERA_DISCONNECTED, androidx.camera.camera2.internal.compat.CameraAccessExceptionCompat.CAMERA_ERROR, androidx.camera.camera2.internal.compat.CameraAccessExceptionCompat.CAMERA_UNAVAILABLE_DO_NOT_DISTURB}" />
    </annotation>
  </item>
  <item name="androidx.camera.camera2.internal.compat.CameraAccessExceptionCompat CameraAccessExceptionCompat(int, java.lang.String, java.lang.Throwable) 0">
    <annotation name="androidx.annotation.IntDef">
      <val name="value" val="{androidx.camera.camera2.internal.compat.CameraAccessExceptionCompat.CAMERA_IN_USE, androidx.camera.camera2.internal.compat.CameraAccessExceptionCompat.MAX_CAMERAS_IN_USE, androidx.camera.camera2.internal.compat.CameraAccessExceptionCompat.CAMERA_DISABLED, androidx.camera.camera2.internal.compat.CameraAccessExceptionCompat.CAMERA_DISCONNECTED, androidx.camera.camera2.internal.compat.CameraAccessExceptionCompat.CAMERA_ERROR, androidx.camera.camera2.internal.compat.CameraAccessExceptionCompat.CAMERA_UNAVAILABLE_DO_NOT_DISTURB}" />
    </annotation>
  </item>
  <item name="androidx.camera.camera2.internal.compat.CameraAccessExceptionCompat CameraAccessExceptionCompat(int, java.lang.Throwable) 0">
    <annotation name="androidx.annotation.IntDef">
      <val name="value" val="{androidx.camera.camera2.internal.compat.CameraAccessExceptionCompat.CAMERA_IN_USE, androidx.camera.camera2.internal.compat.CameraAccessExceptionCompat.MAX_CAMERAS_IN_USE, androidx.camera.camera2.internal.compat.CameraAccessExceptionCompat.CAMERA_DISABLED, androidx.camera.camera2.internal.compat.CameraAccessExceptionCompat.CAMERA_DISCONNECTED, androidx.camera.camera2.internal.compat.CameraAccessExceptionCompat.CAMERA_ERROR, androidx.camera.camera2.internal.compat.CameraAccessExceptionCompat.CAMERA_UNAVAILABLE_DO_NOT_DISTURB}" />
    </annotation>
  </item>
  <item name="androidx.camera.camera2.internal.compat.CameraAccessExceptionCompat int getReason()">
    <annotation name="androidx.annotation.IntDef">
      <val name="value" val="{androidx.camera.camera2.internal.compat.CameraAccessExceptionCompat.CAMERA_IN_USE, androidx.camera.camera2.internal.compat.CameraAccessExceptionCompat.MAX_CAMERAS_IN_USE, androidx.camera.camera2.internal.compat.CameraAccessExceptionCompat.CAMERA_DISABLED, androidx.camera.camera2.internal.compat.CameraAccessExceptionCompat.CAMERA_DISCONNECTED, androidx.camera.camera2.internal.compat.CameraAccessExceptionCompat.CAMERA_ERROR, androidx.camera.camera2.internal.compat.CameraAccessExceptionCompat.CAMERA_UNAVAILABLE_DO_NOT_DISTURB}" />
    </annotation>
  </item>
  <item name="androidx.camera.camera2.internal.compat.CameraAccessExceptionCompat java.lang.String getCombinedMessage(int, java.lang.String) 0">
    <annotation name="androidx.annotation.IntDef">
      <val name="value" val="{androidx.camera.camera2.internal.compat.CameraAccessExceptionCompat.CAMERA_IN_USE, androidx.camera.camera2.internal.compat.CameraAccessExceptionCompat.MAX_CAMERAS_IN_USE, androidx.camera.camera2.internal.compat.CameraAccessExceptionCompat.CAMERA_DISABLED, androidx.camera.camera2.internal.compat.CameraAccessExceptionCompat.CAMERA_DISCONNECTED, androidx.camera.camera2.internal.compat.CameraAccessExceptionCompat.CAMERA_ERROR, androidx.camera.camera2.internal.compat.CameraAccessExceptionCompat.CAMERA_UNAVAILABLE_DO_NOT_DISTURB}" />
    </annotation>
  </item>
  <item name="androidx.camera.camera2.internal.compat.CameraAccessExceptionCompat java.lang.String getDefaultMessage(int) 0">
    <annotation name="androidx.annotation.IntDef">
      <val name="value" val="{androidx.camera.camera2.internal.compat.CameraAccessExceptionCompat.CAMERA_IN_USE, androidx.camera.camera2.internal.compat.CameraAccessExceptionCompat.MAX_CAMERAS_IN_USE, androidx.camera.camera2.internal.compat.CameraAccessExceptionCompat.CAMERA_DISABLED, androidx.camera.camera2.internal.compat.CameraAccessExceptionCompat.CAMERA_DISCONNECTED, androidx.camera.camera2.internal.compat.CameraAccessExceptionCompat.CAMERA_ERROR, androidx.camera.camera2.internal.compat.CameraAccessExceptionCompat.CAMERA_UNAVAILABLE_DO_NOT_DISTURB}" />
    </annotation>
  </item>
  <item name="androidx.camera.camera2.internal.compat.CameraAccessExceptionCompat.AccessError">
    <annotation name="androidx.annotation.IntDef">
      <val name="value" val="{androidx.camera.camera2.internal.compat.CameraAccessExceptionCompat.CAMERA_IN_USE, androidx.camera.camera2.internal.compat.CameraAccessExceptionCompat.MAX_CAMERAS_IN_USE, androidx.camera.camera2.internal.compat.CameraAccessExceptionCompat.CAMERA_DISABLED, androidx.camera.camera2.internal.compat.CameraAccessExceptionCompat.CAMERA_DISCONNECTED, androidx.camera.camera2.internal.compat.CameraAccessExceptionCompat.CAMERA_ERROR, androidx.camera.camera2.internal.compat.CameraAccessExceptionCompat.CAMERA_UNAVAILABLE_DO_NOT_DISTURB}" />
    </annotation>
  </item>
</root>

