<?xml version="1.0" encoding="UTF-8"?>
<root>
  <item name="androidx.camera.core.impl.CameraControlInternal int getFlashMode()">
    <annotation name="androidx.annotation.IntDef">
      <val name="value" val="{androidx.camera.core.ImageCapture.FLASH_MODE_AUTO, androidx.camera.core.ImageCapture.FLASH_MODE_ON, androidx.camera.core.ImageCapture.FLASH_MODE_OFF}" />
    </annotation>
  </item>
  <item name="androidx.camera.core.impl.CameraControlInternal void setFlashMode(int) 0">
    <annotation name="androidx.annotation.IntDef">
      <val name="value" val="{androidx.camera.core.ImageCapture.FLASH_MODE_AUTO, androidx.camera.core.ImageCapture.FLASH_MODE_ON, androidx.camera.core.ImageCapture.FLASH_MODE_OFF}" />
    </annotation>
  </item>
  <item name="androidx.camera.core.impl.ImageAnalysisConfig int getBackpressureStrategy()">
    <annotation name="androidx.annotation.IntDef">
      <val name="value" val="{androidx.camera.core.ImageAnalysis.STRATEGY_KEEP_ONLY_LATEST, androidx.camera.core.ImageAnalysis.STRATEGY_BLOCK_PRODUCER}" />
    </annotation>
  </item>
  <item name="androidx.camera.core.impl.ImageAnalysisConfig int getBackpressureStrategy(int)">
    <annotation name="androidx.annotation.IntDef">
      <val name="value" val="{androidx.camera.core.ImageAnalysis.STRATEGY_KEEP_ONLY_LATEST, androidx.camera.core.ImageAnalysis.STRATEGY_BLOCK_PRODUCER}" />
    </annotation>
  </item>
  <item name="androidx.camera.core.impl.ImageAnalysisConfig int getBackpressureStrategy(int) 0">
    <annotation name="androidx.annotation.IntDef">
      <val name="value" val="{androidx.camera.core.ImageAnalysis.STRATEGY_KEEP_ONLY_LATEST, androidx.camera.core.ImageAnalysis.STRATEGY_BLOCK_PRODUCER}" />
    </annotation>
  </item>
  <item name="androidx.camera.core.impl.ImageCaptureConfig int getCaptureMode()">
    <annotation name="androidx.annotation.IntDef">
      <val name="value" val="{androidx.camera.core.ImageCapture.CAPTURE_MODE_MAXIMIZE_QUALITY, androidx.camera.core.ImageCapture.CAPTURE_MODE_MINIMIZE_LATENCY}" />
    </annotation>
  </item>
  <item name="androidx.camera.core.impl.ImageCaptureConfig int getFlashMode()">
    <annotation name="androidx.annotation.IntDef">
      <val name="value" val="{androidx.camera.core.ImageCapture.FLASH_MODE_AUTO, androidx.camera.core.ImageCapture.FLASH_MODE_ON, androidx.camera.core.ImageCapture.FLASH_MODE_OFF}" />
    </annotation>
  </item>
  <item name="androidx.camera.core.impl.ImageOutputConfig int getTargetAspectRatio()">
    <annotation name="androidx.annotation.IntDef">
      <val name="value" val="{androidx.camera.core.AspectRatio.RATIO_4_3, androidx.camera.core.AspectRatio.RATIO_16_9}" />
    </annotation>
  </item>
  <item name="androidx.camera.core.impl.ImageOutputConfig int getTargetRotation()">
    <annotation name="androidx.annotation.IntDef">
      <val name="value" val="{android.view.Surface.ROTATION_0, android.view.Surface.ROTATION_90, android.view.Surface.ROTATION_180, android.view.Surface.ROTATION_270}" />
    </annotation>
  </item>
  <item name="androidx.camera.core.impl.ImageOutputConfig int getTargetRotation(int)">
    <annotation name="androidx.annotation.IntDef">
      <val name="value" val="{android.view.Surface.ROTATION_0, android.view.Surface.ROTATION_90, android.view.Surface.ROTATION_180, android.view.Surface.ROTATION_270}" />
    </annotation>
  </item>
  <item name="androidx.camera.core.impl.ImageOutputConfig.Builder B setTargetAspectRatio(int) 0">
    <annotation name="androidx.annotation.IntDef">
      <val name="value" val="{androidx.camera.core.AspectRatio.RATIO_4_3, androidx.camera.core.AspectRatio.RATIO_16_9}" />
    </annotation>
  </item>
  <item name="androidx.camera.core.impl.ImageOutputConfig.Builder B setTargetRotation(int) 0">
    <annotation name="androidx.annotation.IntDef">
      <val name="value" val="{android.view.Surface.ROTATION_0, android.view.Surface.ROTATION_90, android.view.Surface.ROTATION_180, android.view.Surface.ROTATION_270}" />
    </annotation>
  </item>
  <item name="androidx.camera.core.impl.ImageOutputConfig.RotationValue">
    <annotation name="androidx.annotation.IntDef">
      <val name="value" val="{android.view.Surface.ROTATION_0, android.view.Surface.ROTATION_90, android.view.Surface.ROTATION_180, android.view.Surface.ROTATION_270}" />
    </annotation>
  </item>
  <item name="androidx.camera.core.impl.LensFacingCameraFilter LensFacingCameraFilter(int) 0">
    <annotation name="androidx.annotation.IntDef">
      <val name="value" val="{androidx.camera.core.CameraSelector.LENS_FACING_FRONT, androidx.camera.core.CameraSelector.LENS_FACING_BACK}" />
    </annotation>
  </item>
  <item name="androidx.camera.core.impl.LensFacingCameraFilter int getLensFacing()">
    <annotation name="androidx.annotation.IntDef">
      <val name="value" val="{androidx.camera.core.CameraSelector.LENS_FACING_FRONT, androidx.camera.core.CameraSelector.LENS_FACING_BACK}" />
    </annotation>
  </item>
  <item name="androidx.camera.core.impl.LensFacingCameraFilter mLensFacing">
    <annotation name="androidx.annotation.IntDef">
      <val name="value" val="{androidx.camera.core.CameraSelector.LENS_FACING_FRONT, androidx.camera.core.CameraSelector.LENS_FACING_BACK}" />
    </annotation>
  </item>
  <item name="androidx.camera.core.impl.LensFacingConverter int valueOf(java.lang.String)">
    <annotation name="androidx.annotation.IntDef">
      <val name="value" val="{androidx.camera.core.CameraSelector.LENS_FACING_FRONT, androidx.camera.core.CameraSelector.LENS_FACING_BACK}" />
    </annotation>
  </item>
  <item name="androidx.camera.core.impl.LensFacingConverter java.lang.String nameOf(int) 0">
    <annotation name="androidx.annotation.IntDef">
      <val name="value" val="{androidx.camera.core.CameraSelector.LENS_FACING_FRONT, androidx.camera.core.CameraSelector.LENS_FACING_BACK}" />
    </annotation>
  </item>
</root>

